1,Japanese Style,17,massa quis augue luctus tincidunt nulla mollis molestie lorem quisque ut
2,Rickards Red,23,magna vestibulum aliquet ultrices erat tortor sollicitudin mi sit amet lobortis sapien sapien non mi integer ac neque duis
3,Lamancha Do Crianza,20,vestibulum ac est lacinia nisi venenatis tristique fusce congue diam id ornare imperdiet sapien urna
4,Tarragon Chicken,28,ut volutpat sapien arcu sed augue aliquam erat volutpat in congue etiam justo
5,"Roll, Soft White Round",17,id massa id nisl venenatis lacinia aenean sit amet justo morbi ut odio cras mi pede
6,Seed,12,pede morbi porttitor lorem id ligula suspendisse ornare consequat lectus in est risus auctor sed
7,Hazelnut Cream,20,laoreet ut rhoncus aliquet pulvinar sed nisl nunc rhoncus dui vel sem sed
8,"White, Gg White",27,aliquam augue quam sollicitudin vitae consectetuer eget rutrum at lorem integer tincidunt ante vel ipsum praesent blandit
9,Demi Glace,18,aliquam convallis nunc proin at turpis a pede posuere nonummy integer non velit donec diam neque vestibulum eget vulputate
12,"Sweet, 2",9,at turpis a pede posuere nonummy integer non velit donec
14,"Gaylan, Chinese",20,nullam molestie nibh in lectus pellentesque at nulla suspendisse potenti
15,"Savory, 3",9,erat id mauris vulputate elementum nullam varius nulla facilisi cras non velit nec nisi vulputate nonummy maecenas tincidunt lacus
16,Greek Salad,9,donec diam neque vestibulum eget vulputate ut ultrices vel augue vestibulum ante ipsum primis
17,Miss Vickies,10,nam dui proin leo odio porttitor id consequat in consequat
19,Hngd Cll Blk 7x7x3,6,tortor sollicitudin mi sit amet lobortis sapien sapien non mi integer ac neque duis bibendum morbi non quam nec
20,Niagara Peninsula Vqa,15,accumsan tellus nisi eu orci mauris lacinia sapien quis libero nullam sit amet turpis
21,Lime Rickey,7,vivamus vel nulla eget eros elementum pellentesque quisque porta volutpat erat quisque erat eros viverra eget congue eget semper
22,Safflower,21,justo in hac habitasse platea dictumst etiam faucibus cursus urna ut tellus nulla ut erat id mauris vulputate elementum nullam
23,Le Cheve Noir,21,etiam pretium iaculis justo in hac habitasse platea dictumst etiam faucibus
24,Baby,29,ornare imperdiet sapien urna pretium nisl ut volutpat sapien arcu sed augue aliquam erat volutpat in congue etiam justo
25,Lemon Green Tea,22,curabitur convallis duis consequat dui nec nisi volutpat eleifend donec ut dolor morbi vel lectus in quam
26,Le Cru Du Clocher,20,amet eros suspendisse accumsan tortor quis turpis sed ante vivamus tortor duis mattis egestas metus aenean
28,Stuffed,12,enim leo rhoncus sed vestibulum sit amet cursus id turpis integer aliquet massa id lobortis convallis tortor
29,Vouvray Cuvee Domaine,26,donec vitae nisi nam ultrices libero non mattis pulvinar nulla pede ullamcorper augue a suscipit nulla elit ac
30,"Tongue, Fresh",12,ut odio cras mi pede malesuada in imperdiet et commodo vulputate justo in blandit ultrices enim lorem ipsum
31,Lamancha Do Crianza,25,ut blandit non interdum in ante vestibulum ante ipsum primis in faucibus orci
32,Baby Pea Tendrils,17,mi sit amet lobortis sapien sapien non mi integer ac neque duis bibendum morbi non
33,Cranberry,7,morbi vestibulum velit id pretium iaculis diam erat fermentum justo nec condimentum neque
36,"Natural, 591 Ml",19,magnis dis parturient montes nascetur ridiculus mus etiam vel augue vestibulum rutrum rutrum
37,Red,12,ligula in lacus curabitur at ipsum ac tellus semper interdum mauris ullamcorper purus sit amet nulla quisque arcu libero
38,"Spring Roll, Veg",26,pede ac diam cras pellentesque volutpat dui maecenas tristique est et tempus semper est quam pharetra magna ac consequat
39,Cantaloupe,19,tempus sit amet sem fusce consequat nulla nisl nunc nisl duis bibendum felis sed interdum venenatis turpis enim blandit mi
40,Assorted Teas,5,rhoncus sed vestibulum sit amet cursus id turpis integer aliquet massa id lobortis convallis tortor risus dapibus
41,"Chicken, White",25,et ultrices posuere cubilia curae nulla dapibus dolor vel est donec
42,Cool Blue Raspberry,21,integer aliquet massa id lobortis convallis tortor risus dapibus augue vel accumsan tellus nisi eu orci
43,English Muffin,25,magnis dis parturient montes nascetur ridiculus mus etiam vel augue vestibulum rutrum rutrum
44,Cheddar With Claret,12,quis turpis sed ante vivamus tortor duis mattis egestas metus aenean fermentum donec ut mauris eget massa tempor
45,Fresh,16,non pretium quis lectus suspendisse potenti in eleifend quam a odio in hac habitasse platea dictumst maecenas ut
47,Gorgonzola,24,lorem ipsum dolor sit amet consectetuer adipiscing elit proin risus praesent lectus vestibulum quam sapien varius ut blandit non interdum
49,Dk Choocolate,16,eget tincidunt eget tempus vel pede morbi porttitor lorem id ligula suspendisse ornare consequat
50,"Whole, Boneless",7,elit proin interdum mauris non ligula pellentesque ultrices phasellus id sapien in sapien iaculis congue vivamus metus arcu adipiscing
52,"Schweppes, 355 Ml",24,lobortis est phasellus sit amet erat nulla tempus vivamus in felis eu sapien cursus vestibulum
54,"Bones, Marrow",15,ut erat curabitur gravida nisi at nibh in hac habitasse platea dictumst aliquam augue quam sollicitudin vitae
55,"Base, Bouillion",27,in lectus pellentesque at nulla suspendisse potenti cras in purus eu magna vulputate luctus cum
57,"Multigrain, Loaf",12,aliquam augue quam sollicitudin vitae consectetuer eget rutrum at lorem integer tincidunt ante vel ipsum praesent blandit lacinia erat
60,"Bacon, Sliced",7,donec quis orci eget orci vehicula condimentum curabitur in libero ut massa volutpat convallis morbi odio odio elementum eu interdum
61,Montreal Smoked Brisket,18,justo sit amet sapien dignissim vestibulum vestibulum ante ipsum primis in faucibus orci luctus et
62,Dark,24,montes nascetur ridiculus mus etiam vel augue vestibulum rutrum rutrum neque aenean auctor gravida
63,Ramazzotti,19,duis mattis egestas metus aenean fermentum donec ut mauris eget massa tempor convallis nulla neque libero convallis eget eleifend
65,"Roll, Whole Wheat",11,aenean sit amet justo morbi ut odio cras mi pede malesuada in imperdiet et commodo vulputate justo in blandit ultrices
66,"White, Sliced",18,vitae nisi nam ultrices libero non mattis pulvinar nulla pede ullamcorper augue a
68,Jumbo Boneless,8,luctus et ultrices posuere cubilia curae mauris viverra diam vitae quam suspendisse potenti nullam porttitor
69,Rhine Riesling Wolf Blass,28,justo aliquam quis turpis eget elit sodales scelerisque mauris sit amet eros suspendisse accumsan tortor quis
70,"Savory, 2",22,elit proin interdum mauris non ligula pellentesque ultrices phasellus id sapien in sapien iaculis congue vivamus metus arcu adipiscing
71,Custard,16,nascetur ridiculus mus vivamus vestibulum sagittis sapien cum sociis natoque penatibus et magnis dis parturient montes
72,Striploin,6,ut massa volutpat convallis morbi odio odio elementum eu interdum eu tincidunt in
73,"Schweppes, 355 Ml",15,proin eu mi nulla ac enim in tempor turpis nec euismod scelerisque quam turpis adipiscing lorem
75,Elephant,29,sed tristique in tempus sit amet sem fusce consequat nulla nisl nunc nisl duis bibendum felis
77,Liz Blizz,8,facilisi cras non velit nec nisi vulputate nonummy maecenas tincidunt lacus at velit vivamus vel nulla eget
78,"Black, Winter, Organic",17,eu tincidunt in leo maecenas pulvinar lobortis est phasellus sit amet erat
79,Sleemans Cream Ale,24,metus arcu adipiscing molestie hendrerit at vulputate vitae nisl aenean lectus pellentesque
80,9388,25,suspendisse potenti nullam porttitor lacus at turpis donec posuere metus vitae ipsum
81,Rosee,11,nec condimentum neque sapien placerat ante nulla justo aliquam quis turpis eget
83,"Classic, 355 Ml",15,tortor quis turpis sed ante vivamus tortor duis mattis egestas metus aenean fermentum donec ut mauris eget massa tempor
85,Lemon Green Tea,26,duis consequat dui nec nisi volutpat eleifend donec ut dolor morbi vel lectus in quam fringilla rhoncus mauris enim
86,Pepper,20,nisi vulputate nonummy maecenas tincidunt lacus at velit vivamus vel nulla eget eros elementum pellentesque
87,"Black, Dried",8,pellentesque quisque porta volutpat erat quisque erat eros viverra eget congue eget semper rutrum nulla
88,Brussel,13,ante ipsum primis in faucibus orci luctus et ultrices posuere cubilia curae duis faucibus accumsan odio curabitur convallis duis consequat
90,Liz Blizz,13,lacus curabitur at ipsum ac tellus semper interdum mauris ullamcorper
91,"White, Canned",15,morbi odio odio elementum eu interdum eu tincidunt in leo maecenas pulvinar
92,Unsweetened,23,at turpis a pede posuere nonummy integer non velit donec diam neque vestibulum eget vulputate ut ultrices vel augue vestibulum
94,Baileys,12,molestie lorem quisque ut erat curabitur gravida nisi at nibh in hac habitasse platea dictumst aliquam augue
95,Unsalted,20,sapien sapien non mi integer ac neque duis bibendum morbi non quam nec dui luctus rutrum nulla
96,Wildberry,19,ultrices phasellus id sapien in sapien iaculis congue vivamus metus
97,Individual Portions,6,ut blandit non interdum in ante vestibulum ante ipsum primis in faucibus
98,"Gnocchi, Potato",19,dapibus augue vel accumsan tellus nisi eu orci mauris lacinia
100,"Campbells, Classic Chix",23,accumsan tellus nisi eu orci mauris lacinia sapien quis libero nullam sit amet turpis elementum ligula vehicula
101,"Loin, Boneless",28,ultrices vel augue vestibulum ante ipsum primis in faucibus orci luctus et ultrices
102,Liver,15,nec euismod scelerisque quam turpis adipiscing lorem vitae mattis nibh ligula
103,Natural,14,id lobortis convallis tortor risus dapibus augue vel accumsan tellus nisi eu orci mauris lacinia sapien quis libero nullam
107,"Tenderlion, Center Cut",28,magna vestibulum aliquet ultrices erat tortor sollicitudin mi sit amet lobortis sapien sapien non mi integer ac
108,"Campbells, Spinach Crm",17,consequat ut nulla sed accumsan felis ut at dolor quis
109,Thai,25,enim blandit mi in porttitor pede justo eu massa donec dapibus duis at
110,Livers,17,consequat varius integer ac leo pellentesque ultrices mattis odio donec
111,Lemon,13,dis parturient montes nascetur ridiculus mus etiam vel augue vestibulum rutrum rutrum neque aenean auctor gravida sem praesent
112,Canned,22,fusce posuere felis sed lacus morbi sem mauris laoreet ut rhoncus aliquet pulvinar sed nisl nunc rhoncus
113,Angel Hair,8,id luctus nec molestie sed justo pellentesque viverra pede ac diam cras pellentesque volutpat dui maecenas tristique est et tempus
114,Cherry Danish - Mini,12,sit amet erat nulla tempus vivamus in felis eu sapien cursus vestibulum proin eu mi nulla ac enim
115,Meat,29,phasellus in felis donec semper sapien a libero nam dui proin leo odio porttitor id
116,Mini,20,aliquam erat volutpat in congue etiam justo etiam pretium iaculis justo in hac habitasse platea dictumst etiam faucibus
117,Strawberry,17,suspendisse potenti nullam porttitor lacus at turpis donec posuere metus vitae ipsum aliquam non mauris
118,Salmon,20,ultrices mattis odio donec vitae nisi nam ultrices libero non mattis
119,All Purpose,28,nulla sed accumsan felis ut at dolor quis odio consequat varius integer ac leo pellentesque ultrices mattis odio
120,Fava Fresh,14,consequat dui nec nisi volutpat eleifend donec ut dolor morbi vel lectus in quam fringilla rhoncus mauris enim leo rhoncus
123,U - 10,20,vel pede morbi porttitor lorem id ligula suspendisse ornare consequat lectus in est
125,Eye Of Round,7,massa donec dapibus duis at velit eu est congue elementum in
126,Gorgonzola,24,non velit donec diam neque vestibulum eget vulputate ut ultrices vel augue vestibulum ante ipsum primis in faucibus
127,Campbells Broccoli,21,tincidunt nulla mollis molestie lorem quisque ut erat curabitur gravida nisi at
128,Butterscotch Baked,5,metus aenean fermentum donec ut mauris eget massa tempor convallis nulla neque libero
130,Chili Powder Mexican,18,massa donec dapibus duis at velit eu est congue elementum in hac habitasse platea dictumst morbi vestibulum velit
132,Grilled Veg Sandwiches,29,semper est quam pharetra magna ac consequat metus sapien ut nunc vestibulum ante ipsum primis in faucibus orci luctus
135,Reese Pieces,9,a pede posuere nonummy integer non velit donec diam neque vestibulum eget vulputate ut ultrices vel
137,So Mix Cake White,12,nam ultrices libero non mattis pulvinar nulla pede ullamcorper augue a suscipit nulla elit ac nulla
138,"Dry, Rubbed",26,ut rhoncus aliquet pulvinar sed nisl nunc rhoncus dui vel sem sed sagittis nam congue risus semper porta volutpat
139,"Dried, Rubbed",27,proin leo odio porttitor id consequat in consequat ut nulla sed accumsan felis
140,"Rainbow, Frozen",23,nibh quisque id justo sit amet sapien dignissim vestibulum vestibulum ante ipsum primis in faucibus orci
141,Miini Cheesecake Cherry,26,ligula suspendisse ornare consequat lectus in est risus auctor sed
142,Pancake,29,eros viverra eget congue eget semper rutrum nulla nunc purus phasellus in felis donec semper sapien a libero
143,"Smoked, Sliced",17,vel nisl duis ac nibh fusce lacus purus aliquet at feugiat non pretium
144,Fat,9,morbi vel lectus in quam fringilla rhoncus mauris enim leo rhoncus sed vestibulum sit
145,"Halibut, Cold Smoked",11,donec ut mauris eget massa tempor convallis nulla neque libero convallis eget
146,Fresh,6,diam vitae quam suspendisse potenti nullam porttitor lacus at turpis donec
147,Leg / Back Attach,14,at nunc commodo placerat praesent blandit nam nulla integer pede justo lacinia eget tincidunt eget tempus
150,Bones,20,dolor sit amet consectetuer adipiscing elit proin risus praesent lectus vestibulum quam sapien varius ut blandit non
152,Clear,11,risus auctor sed tristique in tempus sit amet sem fusce consequat nulla nisl nunc
153,"Inside, Choice",9,leo pellentesque ultrices mattis odio donec vitae nisi nam ultrices
154,Frozen,28,tellus semper interdum mauris ullamcorper purus sit amet nulla quisque arcu libero
155,Long Grain,10,consectetuer adipiscing elit proin risus praesent lectus vestibulum quam sapien varius ut blandit non
156,Cayenne,29,est lacinia nisi venenatis tristique fusce congue diam id ornare imperdiet sapien urna pretium nisl ut volutpat
157,Tarts,22,risus auctor sed tristique in tempus sit amet sem fusce consequat nulla nisl nunc nisl
158,Raisin Walnut Pull,8,duis aliquam convallis nunc proin at turpis a pede posuere nonummy
159,"Oyster, Fresh",18,vel sem sed sagittis nam congue risus semper porta volutpat
161,Chianti Classico Riserva,19,luctus nec molestie sed justo pellentesque viverra pede ac diam cras pellentesque volutpat dui maecenas tristique est et
162,Fresh,15,dapibus dolor vel est donec odio justo sollicitudin ut suscipit a feugiat et eros vestibulum ac est
164,"Lump Fish, Red",29,cubilia curae donec pharetra magna vestibulum aliquet ultrices erat tortor sollicitudin mi sit amet lobortis sapien sapien
165,2%,28,et ultrices posuere cubilia curae donec pharetra magna vestibulum aliquet ultrices erat tortor sollicitudin mi sit amet lobortis
167,Lime Away,9,ipsum praesent blandit lacinia erat vestibulum sed magna at nunc commodo placerat praesent blandit nam nulla integer pede justo lacinia
168,Redchard Merritt,26,ultrices posuere cubilia curae duis faucibus accumsan odio curabitur convallis duis
170,Imitation Flakes,12,est et tempus semper est quam pharetra magna ac consequat
171,White Mini Epi,21,duis faucibus accumsan odio curabitur convallis duis consequat dui nec nisi volutpat eleifend donec ut dolor
172,"Primerba, Paste",20,at turpis a pede posuere nonummy integer non velit donec
173,"Leg, Bone In",8,ac nulla sed vel enim sit amet nunc viverra dapibus nulla suscipit ligula
174,Mixed,20,sed vel enim sit amet nunc viverra dapibus nulla suscipit ligula in lacus curabitur
175,Spanish,19,orci luctus et ultrices posuere cubilia curae nulla dapibus dolor vel est donec
178,Coffee Crisp,23,convallis duis consequat dui nec nisi volutpat eleifend donec ut dolor morbi vel
181,Raspberry,29,nisl duis bibendum felis sed interdum venenatis turpis enim blandit mi in porttitor pede justo eu massa donec
182,Liver,11,ut dolor morbi vel lectus in quam fringilla rhoncus mauris
183,Ham Hocks - Smoked,9,quisque id justo sit amet sapien dignissim vestibulum vestibulum ante
184,Skim,24,aliquam quis turpis eget elit sodales scelerisque mauris sit amet eros suspendisse accumsan tortor quis turpis sed
185,Ristretto Coffee Capsule,9,tortor id nulla ultrices aliquet maecenas leo odio condimentum id luctus nec molestie sed
186,"Strawberry, 20 Ml Jar",25,at velit vivamus vel nulla eget eros elementum pellentesque quisque porta volutpat erat quisque
187,"Mas Chicet Rose, Vintage",28,tellus semper interdum mauris ullamcorper purus sit amet nulla quisque arcu libero rutrum ac lobortis vel dapibus at diam
188,Ground,21,luctus et ultrices posuere cubilia curae nulla dapibus dolor vel est donec odio justo sollicitudin ut suscipit a feugiat et
189,Acorn,21,felis fusce posuere felis sed lacus morbi sem mauris laoreet ut rhoncus
190,Toscano,27,non sodales sed tincidunt eu felis fusce posuere felis sed lacus morbi sem mauris laoreet ut rhoncus aliquet
192,Peanut Butter,16,pede lobortis ligula sit amet eleifend pede libero quis orci nullam molestie nibh in lectus pellentesque at nulla suspendisse
193,"Navel, 72",16,justo in hac habitasse platea dictumst etiam faucibus cursus urna ut tellus nulla ut erat id mauris vulputate
194,Fontanafredda Barolo,15,nulla integer pede justo lacinia eget tincidunt eget tempus vel
196,"Schweppes, 355 Ml",18,libero quis orci nullam molestie nibh in lectus pellentesque at nulla suspendisse
197,"Red, Mosaic Zweigelt",15,semper rutrum nulla nunc purus phasellus in felis donec semper sapien a libero nam
198,"Red, Lurton Merlot De",6,erat id mauris vulputate elementum nullam varius nulla facilisi cras non velit
199,Cotes Du Rhone Parallele,19,mi pede malesuada in imperdiet et commodo vulputate justo in blandit ultrices enim lorem ipsum dolor sit
200,Bag Cloth,25,elit proin interdum mauris non ligula pellentesque ultrices phasellus id sapien in sapien
202,French Vanilla Frothy,25,sit amet turpis elementum ligula vehicula consequat morbi a ipsum integer a
203,Butter Lrg Lima,24,in tempus sit amet sem fusce consequat nulla nisl nunc nisl duis bibendum felis sed interdum venenatis turpis enim
205,"Dinner, White",9,et ultrices posuere cubilia curae mauris viverra diam vitae quam suspendisse potenti nullam
207,Rice,20,eleifend donec ut dolor morbi vel lectus in quam fringilla rhoncus mauris enim leo rhoncus sed vestibulum
209,Halves,29,semper porta volutpat quam pede lobortis ligula sit amet eleifend pede libero quis orci nullam molestie nibh
210,Aquafina Vitamin,22,curabitur convallis duis consequat dui nec nisi volutpat eleifend donec ut dolor morbi vel lectus in quam fringilla rhoncus
211,"Dark Rye, Loaf",13,tellus nisi eu orci mauris lacinia sapien quis libero nullam sit amet turpis elementum ligula vehicula
212,"Canelloni, Single Serve",25,ridiculus mus etiam vel augue vestibulum rutrum rutrum neque aenean auctor gravida sem praesent id massa
213,Bean,28,varius ut blandit non interdum in ante vestibulum ante ipsum primis in faucibus orci
215,Valpolicella Masi,29,donec pharetra magna vestibulum aliquet ultrices erat tortor sollicitudin mi
217,Ground,10,vestibulum proin eu mi nulla ac enim in tempor turpis nec euismod scelerisque quam turpis adipiscing
218,16 Oz And 32 Oz,6,commodo placerat praesent blandit nam nulla integer pede justo lacinia eget tincidunt eget tempus vel
219,Dried,8,eget congue eget semper rutrum nulla nunc purus phasellus in felis donec
220,Watermelon Yellow,7,volutpat dui maecenas tristique est et tempus semper est quam pharetra magna ac
221,Sea,18,amet lobortis sapien sapien non mi integer ac neque duis bibendum morbi non
222,Chardonnay South,8,eget eros elementum pellentesque quisque porta volutpat erat quisque erat eros viverra eget congue eget semper
225,Blackcurrant,11,eget congue eget semper rutrum nulla nunc purus phasellus in felis donec semper sapien a libero nam
227,Lavender,29,consectetuer adipiscing elit proin interdum mauris non ligula pellentesque ultrices phasellus id sapien in
228,Cocktail Strawberry Daiquiri,26,blandit non interdum in ante vestibulum ante ipsum primis in faucibus orci luctus et ultrices posuere cubilia curae duis faucibus
229,Walker,23,eu mi nulla ac enim in tempor turpis nec euismod scelerisque quam turpis adipiscing lorem
230,Del Monte,15,tortor id nulla ultrices aliquet maecenas leo odio condimentum id luctus nec molestie sed justo pellentesque viverra pede ac
231,Green,23,nisi nam ultrices libero non mattis pulvinar nulla pede ullamcorper augue a suscipit nulla elit ac nulla sed vel enim
232,Feta,11,dapibus duis at velit eu est congue elementum in hac habitasse platea dictumst morbi vestibulum velit
233,Chenin Blanc K.w.v.,13,amet lobortis sapien sapien non mi integer ac neque duis bibendum morbi non
234,Short Ribs,22,justo sit amet sapien dignissim vestibulum vestibulum ante ipsum primis in faucibus orci luctus et ultrices posuere cubilia curae
235,Wild,5,pellentesque eget nunc donec quis orci eget orci vehicula condimentum curabitur in libero ut massa volutpat convallis morbi odio
236,Chafing Dish Fuel,6,et eros vestibulum ac est lacinia nisi venenatis tristique fusce congue diam id ornare imperdiet
237,Asiago,17,hac habitasse platea dictumst etiam faucibus cursus urna ut tellus nulla
238,"Rouladin, Sliced",10,in magna bibendum imperdiet nullam orci pede venenatis non sodales
239,Bouchard La Vignee Pinot,28,aliquam sit amet diam in magna bibendum imperdiet nullam orci pede venenatis non sodales
240,"Magnotta, White",27,eget elit sodales scelerisque mauris sit amet eros suspendisse accumsan tortor quis turpis sed ante vivamus tortor duis mattis egestas
242,Bistro White,25,augue vestibulum rutrum rutrum neque aenean auctor gravida sem praesent id massa id nisl venenatis lacinia aenean
243,Pickling Ontario,29,vivamus in felis eu sapien cursus vestibulum proin eu mi nulla ac enim in tempor turpis nec euismod
244,Tender Tips,19,mattis nibh ligula nec sem duis aliquam convallis nunc proin at turpis a pede
245,Valpolicella Masi,17,sapien in sapien iaculis congue vivamus metus arcu adipiscing molestie hendrerit at vulputate vitae nisl aenean lectus pellentesque
247,U 5,12,enim lorem ipsum dolor sit amet consectetuer adipiscing elit proin
248,"Marmalade, Orange",13,felis sed interdum venenatis turpis enim blandit mi in porttitor pede justo eu massa donec dapibus duis at
249,Fontina,5,vel ipsum praesent blandit lacinia erat vestibulum sed magna at nunc commodo placerat praesent blandit
251,"Breast, Double, Wing On",7,at dolor quis odio consequat varius integer ac leo pellentesque ultrices mattis odio donec
252,Casablanca Valley,13,curae duis faucibus accumsan odio curabitur convallis duis consequat dui
254,Soft,19,fermentum donec ut mauris eget massa tempor convallis nulla neque libero convallis eget eleifend luctus ultricies eu nibh quisque id
255,Shrimp Puff,22,semper est quam pharetra magna ac consequat metus sapien ut nunc vestibulum ante ipsum primis
256,Monin - Blue Curacao,21,non quam nec dui luctus rutrum nulla tellus in sagittis dui vel nisl duis
257,"Soup, Plastic",6,scelerisque mauris sit amet eros suspendisse accumsan tortor quis turpis sed ante vivamus tortor duis mattis egestas metus aenean
258,"Chantrelle, Fresh",7,maecenas tristique est et tempus semper est quam pharetra magna ac consequat metus sapien ut nunc vestibulum ante ipsum primis
261,"Hazelnut, Whole",16,pede justo eu massa donec dapibus duis at velit eu est congue elementum in hac habitasse platea dictumst morbi vestibulum
263,Piper Heidsieck Brut,15,dictumst maecenas ut massa quis augue luctus tincidunt nulla mollis molestie lorem quisque ut erat curabitur gravida nisi at nibh
264,Foil,15,libero ut massa volutpat convallis morbi odio odio elementum eu interdum eu
265,"Loin, Bone - In",14,neque vestibulum eget vulputate ut ultrices vel augue vestibulum ante ipsum primis in faucibus orci luctus et ultrices posuere cubilia
266,Gherkins,29,hac habitasse platea dictumst morbi vestibulum velit id pretium iaculis diam erat fermentum justo nec condimentum neque sapien placerat ante
267,"Vanilla,artificial",8,habitasse platea dictumst morbi vestibulum velit id pretium iaculis diam erat fermentum justo nec condimentum
268,Clear,19,in faucibus orci luctus et ultrices posuere cubilia curae nulla dapibus dolor vel
269,Cocktail Ice Cream,27,dignissim vestibulum vestibulum ante ipsum primis in faucibus orci luctus et ultrices posuere
270,Ster Bac,8,non velit nec nisi vulputate nonummy maecenas tincidunt lacus at velit vivamus vel nulla eget eros
271,Dutched,23,tincidunt ante vel ipsum praesent blandit lacinia erat vestibulum sed magna at nunc commodo placerat praesent
272,Iced Tea Peach,15,magna at nunc commodo placerat praesent blandit nam nulla integer pede
273,Pearl,19,platea dictumst maecenas ut massa quis augue luctus tincidunt nulla mollis
274,Olive,13,nisi nam ultrices libero non mattis pulvinar nulla pede ullamcorper augue a suscipit
276,Crozes Hermitage E.,26,pellentesque quisque porta volutpat erat quisque erat eros viverra eget congue eget
277,Melon,11,luctus nec molestie sed justo pellentesque viverra pede ac diam cras pellentesque volutpat dui maecenas tristique
278,Gorgonzola,12,elementum pellentesque quisque porta volutpat erat quisque erat eros viverra eget
279,Cake,26,elementum ligula vehicula consequat morbi a ipsum integer a nibh in quis justo maecenas rhoncus aliquam lacus
280,Corn,6,aliquet at feugiat non pretium quis lectus suspendisse potenti in eleifend quam a odio in hac habitasse
281,"Bottom, Canned",15,pede ac diam cras pellentesque volutpat dui maecenas tristique est et tempus semper est
282,Perron Cheddar,15,at nibh in hac habitasse platea dictumst aliquam augue quam sollicitudin vitae consectetuer eget rutrum at lorem
283,Morracan Dired,23,quam a odio in hac habitasse platea dictumst maecenas ut massa quis augue luctus tincidunt nulla
284,Liver,5,at dolor quis odio consequat varius integer ac leo pellentesque ultrices mattis odio donec vitae nisi nam ultrices libero
285,European Side Bacon,29,justo pellentesque viverra pede ac diam cras pellentesque volutpat dui maecenas tristique est et tempus semper est quam pharetra
286,"Lemon, Fresh",15,nam dui proin leo odio porttitor id consequat in consequat ut
287,5,26,eu orci mauris lacinia sapien quis libero nullam sit amet turpis elementum ligula vehicula
289,"Eggs, Fresh",7,cubilia curae mauris viverra diam vitae quam suspendisse potenti nullam porttitor lacus at turpis
290,Lemonade,24,integer aliquet massa id lobortis convallis tortor risus dapibus augue vel accumsan tellus nisi eu orci mauris lacinia sapien quis
291,"Red, Mosaic Zweigelt",7,volutpat eleifend donec ut dolor morbi vel lectus in quam fringilla rhoncus mauris enim leo rhoncus
293,Lime,15,magna vestibulum aliquet ultrices erat tortor sollicitudin mi sit amet lobortis sapien
294,Flat Bread,12,nisi nam ultrices libero non mattis pulvinar nulla pede ullamcorper augue a suscipit nulla elit
295,Lasagna Veg,22,id nisl venenatis lacinia aenean sit amet justo morbi ut odio
296,Braggs,26,ultrices posuere cubilia curae duis faucibus accumsan odio curabitur convallis duis
297,Liver,8,eros suspendisse accumsan tortor quis turpis sed ante vivamus tortor duis mattis egestas metus aenean fermentum
298,"Dried, Rubbed",7,lobortis est phasellus sit amet erat nulla tempus vivamus in felis eu
299,Pear,28,magna bibendum imperdiet nullam orci pede venenatis non sodales sed tincidunt eu
300,Turtles Stick Bar,28,ante vel ipsum praesent blandit lacinia erat vestibulum sed magna at nunc commodo placerat praesent blandit nam nulla
301,Turtles Stick Bar,27,ac tellus semper interdum mauris ullamcorper purus sit amet nulla quisque arcu libero rutrum ac lobortis vel
302,Mocha,14,aenean auctor gravida sem praesent id massa id nisl venenatis lacinia aenean sit amet justo morbi
303,"Spiced, Captain Morgan",17,in consequat ut nulla sed accumsan felis ut at dolor quis odio consequat varius integer ac leo pellentesque ultrices mattis
304,Green,12,quis lectus suspendisse potenti in eleifend quam a odio in hac habitasse
306,Seeds,13,sed augue aliquam erat volutpat in congue etiam justo etiam pretium iaculis justo in hac habitasse platea
307,Marie Brizard,16,curae mauris viverra diam vitae quam suspendisse potenti nullam porttitor lacus at turpis donec posuere metus
309,Red Pearl,13,quis orci eget orci vehicula condimentum curabitur in libero ut massa volutpat convallis
310,Seed,26,orci luctus et ultrices posuere cubilia curae nulla dapibus dolor vel est donec odio justo sollicitudin
311,Treviso,9,sapien placerat ante nulla justo aliquam quis turpis eget elit sodales scelerisque mauris sit amet
312,"Knorr, Ministrone",27,consequat lectus in est risus auctor sed tristique in tempus sit amet sem fusce consequat nulla nisl
313,"Buckwheat, Organic",11,nulla elit ac nulla sed vel enim sit amet nunc viverra
314,Smoked,22,enim in tempor turpis nec euismod scelerisque quam turpis adipiscing lorem vitae mattis nibh ligula nec sem duis aliquam convallis
315,Segura Viudas Aria Brut,14,libero nullam sit amet turpis elementum ligula vehicula consequat morbi a ipsum integer
318,Baked Scones - Mini,18,risus semper porta volutpat quam pede lobortis ligula sit amet eleifend pede libero quis orci nullam molestie
320,Lid For Half Size,20,montes nascetur ridiculus mus vivamus vestibulum sagittis sapien cum sociis natoque penatibus et magnis dis parturient montes nascetur ridiculus mus
322,"Wine, Plastic, Clear 5 Oz",16,quam pede lobortis ligula sit amet eleifend pede libero quis orci nullam molestie nibh
323,"Apple, 500 Ml",23,vel ipsum praesent blandit lacinia erat vestibulum sed magna at nunc commodo placerat praesent blandit nam nulla integer pede justo
324,Golden,17,gravida nisi at nibh in hac habitasse platea dictumst aliquam
326,Rice,23,consectetuer adipiscing elit proin interdum mauris non ligula pellentesque ultrices phasellus id sapien in
327,Amaretto,23,sed magna at nunc commodo placerat praesent blandit nam nulla integer
328,Barossa Valley Estate,16,at turpis donec posuere metus vitae ipsum aliquam non mauris morbi non lectus aliquam sit amet diam in
329,Tarragon,21,etiam faucibus cursus urna ut tellus nulla ut erat id mauris vulputate elementum nullam varius nulla facilisi
330,Campbells,9,eros vestibulum ac est lacinia nisi venenatis tristique fusce congue diam id ornare imperdiet sapien urna pretium
331,Rubyport,12,mus vivamus vestibulum sagittis sapien cum sociis natoque penatibus et magnis dis parturient montes nascetur
333,Sheep Milk,26,sapien sapien non mi integer ac neque duis bibendum morbi non quam nec
334,Liver,18,quis odio consequat varius integer ac leo pellentesque ultrices mattis odio donec vitae nisi nam
336,Comte,26,aenean lectus pellentesque eget nunc donec quis orci eget orci vehicula condimentum curabitur in libero ut massa volutpat convallis
337,Ground,13,volutpat sapien arcu sed augue aliquam erat volutpat in congue etiam justo etiam pretium
338,"Halibut, Cold Smoked",17,dapibus nulla suscipit ligula in lacus curabitur at ipsum ac tellus semper interdum mauris ullamcorper purus
339,"Kiwi, 591 Ml",6,aenean fermentum donec ut mauris eget massa tempor convallis nulla neque libero convallis eget
340,3oz Med Rec,22,eget eros elementum pellentesque quisque porta volutpat erat quisque erat eros viverra eget
341,1%,29,nulla neque libero convallis eget eleifend luctus ultricies eu nibh quisque id justo sit amet sapien dignissim
343,Chianti Classica Docg,19,non velit donec diam neque vestibulum eget vulputate ut ultrices vel augue vestibulum
344,Blue Curacao,19,tellus in sagittis dui vel nisl duis ac nibh fusce lacus purus aliquet at feugiat non pretium quis
345,"White, Schroder And Schyl",9,sit amet lobortis sapien sapien non mi integer ac neque duis bibendum morbi non quam nec dui luctus rutrum
346,"Breast, Smoked",29,magnis dis parturient montes nascetur ridiculus mus vivamus vestibulum sagittis sapien cum sociis natoque penatibus et
347,Firm,28,neque vestibulum eget vulputate ut ultrices vel augue vestibulum ante ipsum primis in faucibus orci luctus et ultrices posuere cubilia
348,Dried,15,adipiscing molestie hendrerit at vulputate vitae nisl aenean lectus pellentesque
349,Fresh,28,sit amet cursus id turpis integer aliquet massa id lobortis convallis tortor risus dapibus
350,Chateau Bonnet,29,felis fusce posuere felis sed lacus morbi sem mauris laoreet ut rhoncus aliquet pulvinar sed nisl nunc rhoncus
351,Sliced / Wedge,15,sodales scelerisque mauris sit amet eros suspendisse accumsan tortor quis turpis sed
352,Pineapple Passion,18,mauris enim leo rhoncus sed vestibulum sit amet cursus id turpis integer aliquet massa id lobortis convallis tortor
353,Raspberry,20,dignissim vestibulum vestibulum ante ipsum primis in faucibus orci luctus et ultrices posuere cubilia curae nulla dapibus dolor vel
354,Liver,7,dui proin leo odio porttitor id consequat in consequat ut nulla sed accumsan felis ut at dolor
355,"Banana, Paper",7,gravida sem praesent id massa id nisl venenatis lacinia aenean sit amet justo morbi ut odio cras mi pede malesuada
356,518ml,14,nunc purus phasellus in felis donec semper sapien a libero nam dui proin leo odio porttitor
357,"Beef, Brown",26,morbi quis tortor id nulla ultrices aliquet maecenas leo odio condimentum
358,Black Cherry Lemonade,28,non pretium quis lectus suspendisse potenti in eleifend quam a odio in hac
359,"White, Whole",8,luctus rutrum nulla tellus in sagittis dui vel nisl duis ac nibh
360,Pink,26,eget orci vehicula condimentum curabitur in libero ut massa volutpat convallis morbi odio odio elementum eu
361,Whole,14,in sapien iaculis congue vivamus metus arcu adipiscing molestie hendrerit at vulputate vitae nisl aenean lectus pellentesque eget
362,Whole,7,volutpat convallis morbi odio odio elementum eu interdum eu tincidunt in leo maecenas pulvinar lobortis est phasellus
364,Inside,16,at turpis a pede posuere nonummy integer non velit donec diam neque vestibulum eget vulputate ut
365,Peelings,24,consectetuer adipiscing elit proin interdum mauris non ligula pellentesque ultrices phasellus id sapien in sapien
366,Spinach Leaf,7,pede venenatis non sodales sed tincidunt eu felis fusce posuere felis sed lacus morbi sem mauris laoreet
367,"Chipotle, Canned",12,lorem quisque ut erat curabitur gravida nisi at nibh in hac habitasse platea dictumst aliquam augue quam sollicitudin vitae consectetuer
368,Fudge Bars,17,lorem vitae mattis nibh ligula nec sem duis aliquam convallis nunc proin at turpis a pede posuere
369,Regular,24,ipsum praesent blandit lacinia erat vestibulum sed magna at nunc commodo placerat praesent blandit nam nulla integer
370,Rosso Toscano Igt,21,in quam fringilla rhoncus mauris enim leo rhoncus sed vestibulum sit amet
371,Potmums,28,interdum mauris non ligula pellentesque ultrices phasellus id sapien in sapien iaculis congue
372,Canned,20,non ligula pellentesque ultrices phasellus id sapien in sapien iaculis
374,Peanut Butter,11,sapien ut nunc vestibulum ante ipsum primis in faucibus orci luctus et ultrices posuere cubilia curae mauris
375,Buttermilk,13,facilisi cras non velit nec nisi vulputate nonummy maecenas tincidunt lacus at velit vivamus vel nulla eget
376,Ej Gallo Sonoma,17,dui vel nisl duis ac nibh fusce lacus purus aliquet at feugiat
377,"Campbells, Lentil",8,duis aliquam convallis nunc proin at turpis a pede posuere nonummy
379,Banana Nut Individual,25,justo morbi ut odio cras mi pede malesuada in imperdiet
380,Gherkins,25,dis parturient montes nascetur ridiculus mus etiam vel augue vestibulum rutrum rutrum neque aenean auctor gravida sem
382,Morracan Dired,28,imperdiet sapien urna pretium nisl ut volutpat sapien arcu sed augue aliquam erat volutpat in congue etiam justo
383,Fast / Rapid,16,dapibus nulla suscipit ligula in lacus curabitur at ipsum ac tellus semper interdum mauris ullamcorper purus sit
384,Blue Curacao,19,felis ut at dolor quis odio consequat varius integer ac leo pellentesque ultrices
386,Lobster Phyllo Roll,20,mauris laoreet ut rhoncus aliquet pulvinar sed nisl nunc rhoncus dui vel sem sed sagittis
387,Dark Roast,16,lobortis convallis tortor risus dapibus augue vel accumsan tellus nisi eu orci mauris
388,Black,10,feugiat et eros vestibulum ac est lacinia nisi venenatis tristique fusce congue diam id
389,Grilled Chicken With,9,eros vestibulum ac est lacinia nisi venenatis tristique fusce congue diam id ornare imperdiet sapien urna
391,Ruffino Chianti Classico,19,sem mauris laoreet ut rhoncus aliquet pulvinar sed nisl nunc rhoncus
392,Tropical,26,lacinia nisi venenatis tristique fusce congue diam id ornare imperdiet sapien urna pretium nisl ut volutpat sapien arcu
393,Ice Wine,24,dapibus augue vel accumsan tellus nisi eu orci mauris lacinia sapien quis
395,Campbells Pasta Fagioli,24,dignissim vestibulum vestibulum ante ipsum primis in faucibus orci luctus et
398,Semolina,24,sapien arcu sed augue aliquam erat volutpat in congue etiam
399,"White, Concha Y Toro",10,quam sapien varius ut blandit non interdum in ante vestibulum ante ipsum primis
400,Mango Maddness,18,nulla sed accumsan felis ut at dolor quis odio consequat varius integer
403,Cubes,13,nam dui proin leo odio porttitor id consequat in consequat ut nulla sed
404,Black Currant,27,pellentesque at nulla suspendisse potenti cras in purus eu magna vulputate luctus cum
405,"Raspberry,jar",26,blandit mi in porttitor pede justo eu massa donec dapibus duis at velit eu est congue elementum in
406,Redchard Merritt,5,turpis sed ante vivamus tortor duis mattis egestas metus aenean fermentum donec ut mauris
409,Kidney White,5,nec euismod scelerisque quam turpis adipiscing lorem vitae mattis nibh ligula nec sem duis aliquam
410,"Mozzarella, Buffalo",12,porta volutpat erat quisque erat eros viverra eget congue eget semper rutrum nulla nunc purus
411,Magnotta - Cab Sauv,17,quis orci nullam molestie nibh in lectus pellentesque at nulla suspendisse potenti cras in
414,10%,12,in purus eu magna vulputate luctus cum sociis natoque penatibus et magnis dis parturient
415,"Inside, Choice",11,cursus vestibulum proin eu mi nulla ac enim in tempor turpis
417,S - 4,16,est lacinia nisi venenatis tristique fusce congue diam id ornare imperdiet sapien urna pretium nisl ut volutpat
418,Smarties,8,dolor vel est donec odio justo sollicitudin ut suscipit a feugiat et
419,"Green, Chili",29,tristique in tempus sit amet sem fusce consequat nulla nisl nunc
420,Tomato Mush. Florentine,27,ipsum primis in faucibus orci luctus et ultrices posuere cubilia curae mauris viverra diam vitae
421,Shoulder,6,non velit nec nisi vulputate nonummy maecenas tincidunt lacus at velit vivamus vel nulla eget eros elementum
423,Butterscotch,7,rhoncus sed vestibulum sit amet cursus id turpis integer aliquet massa id lobortis convallis tortor risus
425,Andouille,17,metus sapien ut nunc vestibulum ante ipsum primis in faucibus orci luctus et ultrices posuere cubilia curae mauris viverra
427,Green,23,et ultrices posuere cubilia curae donec pharetra magna vestibulum aliquet ultrices erat tortor sollicitudin mi
429,29 Foot,5,sed vestibulum sit amet cursus id turpis integer aliquet massa id lobortis convallis tortor
430,Tomato Mush. Florentine,28,porttitor lacus at turpis donec posuere metus vitae ipsum aliquam non mauris morbi non lectus aliquam
431,"Beans, Whole",15,aenean sit amet justo morbi ut odio cras mi pede malesuada in imperdiet et commodo
434,Hagen Daz,21,eget eros elementum pellentesque quisque porta volutpat erat quisque erat eros viverra eget congue eget semper rutrum nulla nunc
435,"Breast, 5 - 7 Oz",26,luctus et ultrices posuere cubilia curae nulla dapibus dolor vel est donec odio
437,Almond Amaretto,29,tristique in tempus sit amet sem fusce consequat nulla nisl nunc nisl duis
438,"Shortening,liqud, Fry",26,at nulla suspendisse potenti cras in purus eu magna vulputate luctus cum sociis natoque penatibus et
440,"Pistachio, Shelled",14,tellus semper interdum mauris ullamcorper purus sit amet nulla quisque arcu libero rutrum ac lobortis vel dapibus
441,Two Oceans Cabernet,6,adipiscing elit proin interdum mauris non ligula pellentesque ultrices phasellus id sapien in sapien iaculis congue vivamus metus
443,Short Rib Fresh,21,eleifend quam a odio in hac habitasse platea dictumst maecenas
444,"Soya, Light",10,at velit eu est congue elementum in hac habitasse platea dictumst morbi vestibulum velit id pretium iaculis diam erat
445,Soft Shell,20,etiam faucibus cursus urna ut tellus nulla ut erat id mauris vulputate elementum
446,"Apple, Unsweetened",28,ut erat id mauris vulputate elementum nullam varius nulla facilisi cras non velit nec nisi vulputate nonummy
449,"Monin, Irish Cream",9,sit amet justo morbi ut odio cras mi pede malesuada
451,Tapenade,18,dui maecenas tristique est et tempus semper est quam pharetra magna ac consequat metus sapien ut nunc vestibulum ante ipsum
452,"Primerba, Paste",8,semper interdum mauris ullamcorper purus sit amet nulla quisque arcu libero rutrum ac lobortis vel
453,Cranberry 284ml,5,nulla tempus vivamus in felis eu sapien cursus vestibulum proin eu mi nulla
455,Banana Nut,18,erat vestibulum sed magna at nunc commodo placerat praesent blandit nam nulla integer pede justo lacinia eget
457,St. Andre,23,mi nulla ac enim in tempor turpis nec euismod scelerisque quam turpis adipiscing
459,Mini White 3 Oz,18,sollicitudin ut suscipit a feugiat et eros vestibulum ac est lacinia nisi venenatis tristique fusce congue diam id ornare imperdiet
460,Icing,16,sed lacus morbi sem mauris laoreet ut rhoncus aliquet pulvinar sed nisl nunc rhoncus dui vel sem
462,Whole Cut,12,sapien varius ut blandit non interdum in ante vestibulum ante ipsum primis in faucibus orci luctus et ultrices posuere
463,Bones,22,amet sapien dignissim vestibulum vestibulum ante ipsum primis in faucibus orci luctus et ultrices posuere
464,Mushroom Tart,12,faucibus cursus urna ut tellus nulla ut erat id mauris
466,"Rolls, Corn",20,sit amet cursus id turpis integer aliquet massa id lobortis convallis tortor risus dapibus augue vel accumsan tellus nisi eu
467,Blue,7,erat curabitur gravida nisi at nibh in hac habitasse platea dictumst aliquam augue
468,Mango,29,augue vestibulum rutrum rutrum neque aenean auctor gravida sem praesent id massa id nisl venenatis lacinia aenean sit amet
472,Ground,14,leo odio condimentum id luctus nec molestie sed justo pellentesque viverra
474,Red Thai,26,duis mattis egestas metus aenean fermentum donec ut mauris eget
475,Blood Pudding,10,at nunc commodo placerat praesent blandit nam nulla integer pede justo lacinia
476,Canned,10,elementum nullam varius nulla facilisi cras non velit nec nisi vulputate nonummy maecenas tincidunt lacus at velit vivamus vel nulla
477,"Whole,canned",29,quam turpis adipiscing lorem vitae mattis nibh ligula nec sem duis aliquam convallis nunc proin at turpis a pede
478,"Vanilla,artificial",10,lobortis sapien sapien non mi integer ac neque duis bibendum morbi non quam nec dui luctus rutrum
479,Englishbay Chochip,20,rutrum at lorem integer tincidunt ante vel ipsum praesent blandit lacinia erat
480,Lambs Mash,9,blandit lacinia erat vestibulum sed magna at nunc commodo placerat praesent blandit nam nulla integer pede justo lacinia
481,Mango Nectar,8,cum sociis natoque penatibus et magnis dis parturient montes nascetur ridiculus mus vivamus vestibulum sagittis sapien cum sociis natoque penatibus
482,Bones,27,morbi sem mauris laoreet ut rhoncus aliquet pulvinar sed nisl nunc rhoncus dui vel
483,Cranberry 284ml,8,eget elit sodales scelerisque mauris sit amet eros suspendisse accumsan tortor quis turpis sed ante vivamus
484,Mango Chevre,14,parturient montes nascetur ridiculus mus vivamus vestibulum sagittis sapien cum sociis natoque penatibus et magnis
485,"Scallop, White",27,dictumst morbi vestibulum velit id pretium iaculis diam erat fermentum justo nec condimentum
487,Tiger 21/25,6,sit amet nulla quisque arcu libero rutrum ac lobortis vel dapibus at diam
488,"Breast, Double",16,est risus auctor sed tristique in tempus sit amet sem fusce consequat nulla nisl nunc nisl duis bibendum felis
489,Marble,26,quis augue luctus tincidunt nulla mollis molestie lorem quisque ut erat curabitur gravida nisi at nibh in hac habitasse
490,Chocolate Marble Tea,19,justo sit amet sapien dignissim vestibulum vestibulum ante ipsum primis in faucibus orci luctus et
491,Black Tiger 26/30,28,leo odio porttitor id consequat in consequat ut nulla sed accumsan felis ut at dolor quis
492,Baby,16,vel accumsan tellus nisi eu orci mauris lacinia sapien quis libero nullam sit amet turpis elementum ligula vehicula consequat morbi
494,Granary Small Pull,12,quam a odio in hac habitasse platea dictumst maecenas ut massa quis
495,Brown,11,vestibulum ante ipsum primis in faucibus orci luctus et ultrices posuere cubilia curae duis faucibus accumsan odio curabitur convallis
496,Large,18,est lacinia nisi venenatis tristique fusce congue diam id ornare imperdiet
497,"Cheddar, Mild",23,ornare imperdiet sapien urna pretium nisl ut volutpat sapien arcu sed augue aliquam erat volutpat in
499,Sliced,12,sapien ut nunc vestibulum ante ipsum primis in faucibus orci luctus et
501,"White, Sliced",6,mi in porttitor pede justo eu massa donec dapibus duis at velit eu est
503,Fontina,27,mauris enim leo rhoncus sed vestibulum sit amet cursus id turpis integer aliquet massa id lobortis
504,Fresh,7,viverra pede ac diam cras pellentesque volutpat dui maecenas tristique est et tempus semper est quam pharetra magna
505,Diet - Schweppes,16,a feugiat et eros vestibulum ac est lacinia nisi venenatis tristique fusce congue diam id ornare imperdiet sapien urna pretium
506,Soft Kernal Of Wheat,5,magna bibendum imperdiet nullam orci pede venenatis non sodales sed tincidunt eu felis fusce posuere felis
508,Macadamia,20,donec semper sapien a libero nam dui proin leo odio porttitor
511,"Romano, Grated",22,primis in faucibus orci luctus et ultrices posuere cubilia curae nulla dapibus dolor vel est
512,Red Pearl,26,nullam sit amet turpis elementum ligula vehicula consequat morbi a ipsum integer a nibh in quis justo maecenas
513,Night And Day Choclate,5,amet diam in magna bibendum imperdiet nullam orci pede venenatis non sodales sed tincidunt eu
514,Inside,26,metus arcu adipiscing molestie hendrerit at vulputate vitae nisl aenean lectus pellentesque eget nunc donec quis orci eget
515,"Beef, Base Mix",24,pede lobortis ligula sit amet eleifend pede libero quis orci nullam molestie nibh in lectus pellentesque at nulla suspendisse potenti
516,Demi Glace,16,mattis pulvinar nulla pede ullamcorper augue a suscipit nulla elit
518,Rum,17,ridiculus mus etiam vel augue vestibulum rutrum rutrum neque aenean auctor gravida sem praesent id massa id
519,Herbal Sweet Dreams,27,iaculis justo in hac habitasse platea dictumst etiam faucibus cursus urna ut tellus nulla ut erat id
520,Gato Negro Cabernet,16,quis libero nullam sit amet turpis elementum ligula vehicula consequat morbi a ipsum integer a
522,French Vanilla,18,rutrum nulla nunc purus phasellus in felis donec semper sapien a libero nam dui proin
523,French Pear Tart,12,turpis donec posuere metus vitae ipsum aliquam non mauris morbi non lectus
524,Firm,28,ultricies eu nibh quisque id justo sit amet sapien dignissim vestibulum vestibulum ante ipsum primis in faucibus
525,"Orange, 341 Ml",6,blandit nam nulla integer pede justo lacinia eget tincidunt eget tempus
526,Comte,29,sed lacus morbi sem mauris laoreet ut rhoncus aliquet pulvinar
527,Cultivated,27,eget elit sodales scelerisque mauris sit amet eros suspendisse accumsan tortor quis turpis sed ante vivamus tortor
528,Black,18,in faucibus orci luctus et ultrices posuere cubilia curae nulla dapibus dolor vel est donec
531,12 Year Old,24,faucibus orci luctus et ultrices posuere cubilia curae duis faucibus accumsan odio curabitur convallis duis consequat dui nec nisi
533,Chanterelle Frozen,14,elementum ligula vehicula consequat morbi a ipsum integer a nibh in quis justo maecenas
536,Meat Combo,13,in magna bibendum imperdiet nullam orci pede venenatis non sodales sed tincidunt eu
537,"Bones, Marrow",29,ut massa volutpat convallis morbi odio odio elementum eu interdum eu tincidunt in leo maecenas
538,"Shank, Pieces",27,dictumst etiam faucibus cursus urna ut tellus nulla ut erat id mauris vulputate elementum nullam varius nulla facilisi
539,Buttermilk,23,justo lacinia eget tincidunt eget tempus vel pede morbi porttitor lorem
540,Amaretto,21,proin risus praesent lectus vestibulum quam sapien varius ut blandit non interdum in
541,Fillets,11,fermentum donec ut mauris eget massa tempor convallis nulla neque libero convallis eget eleifend luctus ultricies eu nibh quisque
542,Aquafina Vitamin,22,odio condimentum id luctus nec molestie sed justo pellentesque viverra
543,Whole,21,lorem quisque ut erat curabitur gravida nisi at nibh in hac habitasse platea
544,Perrier,27,ultrices posuere cubilia curae donec pharetra magna vestibulum aliquet ultrices erat tortor sollicitudin mi sit amet lobortis sapien
545,"Sausage, Medium",18,ullamcorper augue a suscipit nulla elit ac nulla sed vel enim sit amet nunc viverra dapibus nulla
546,Heart,15,turpis adipiscing lorem vitae mattis nibh ligula nec sem duis aliquam convallis nunc proin at
547,Melon,11,justo nec condimentum neque sapien placerat ante nulla justo aliquam quis
548,Plain,18,venenatis tristique fusce congue diam id ornare imperdiet sapien urna pretium nisl ut volutpat sapien arcu
550,Canned,27,id ligula suspendisse ornare consequat lectus in est risus auctor sed tristique in tempus
552,Chocolate Chip Muffin,9,cubilia curae nulla dapibus dolor vel est donec odio justo sollicitudin ut suscipit a feugiat et eros vestibulum
553,Lemon Green Tea,10,morbi vestibulum velit id pretium iaculis diam erat fermentum justo nec condimentum neque sapien
554,"White, Antinore Orvieto",8,odio curabitur convallis duis consequat dui nec nisi volutpat eleifend donec ut dolor morbi vel lectus in quam
555,Lemon Danish - Mini,28,sollicitudin ut suscipit a feugiat et eros vestibulum ac est lacinia nisi venenatis tristique fusce
556,"Red, Gallo, Merlot",8,pede justo eu massa donec dapibus duis at velit eu est congue elementum
558,Homestyle Two Bit,19,placerat praesent blandit nam nulla integer pede justo lacinia eget
559,Soft,19,porttitor lorem id ligula suspendisse ornare consequat lectus in est risus auctor sed tristique in tempus sit amet sem fusce
560,Assorted,27,a odio in hac habitasse platea dictumst maecenas ut massa quis augue luctus tincidunt nulla mollis
561,Granny Smith,24,proin leo odio porttitor id consequat in consequat ut nulla sed accumsan felis ut at dolor
562,Mango,11,aliquet pulvinar sed nisl nunc rhoncus dui vel sem sed sagittis nam
563,Dutched,8,id sapien in sapien iaculis congue vivamus metus arcu adipiscing molestie hendrerit at vulputate
565,Pain Au Liat X12,18,orci luctus et ultrices posuere cubilia curae duis faucibus accumsan
566,"Kindney, Whole",26,velit id pretium iaculis diam erat fermentum justo nec condimentum neque sapien placerat ante
567,"Enoki, Fresh",27,pede lobortis ligula sit amet eleifend pede libero quis orci nullam
569,Rickards Red,18,in hac habitasse platea dictumst maecenas ut massa quis augue luctus tincidunt nulla mollis molestie
570,Roll White,28,in felis eu sapien cursus vestibulum proin eu mi nulla ac enim in tempor
571,"Brie, Triple Creme",14,vulputate nonummy maecenas tincidunt lacus at velit vivamus vel nulla eget eros elementum pellentesque quisque porta volutpat erat quisque
572,"Black, Winter, Organic",23,dolor sit amet consectetuer adipiscing elit proin risus praesent lectus vestibulum quam
573,Beringer Founders Estate,14,et magnis dis parturient montes nascetur ridiculus mus etiam vel augue vestibulum rutrum rutrum neque aenean auctor gravida sem praesent
574,"Buckwheat, Dark",10,magnis dis parturient montes nascetur ridiculus mus vivamus vestibulum sagittis sapien cum sociis natoque penatibus et magnis dis parturient
575,"Almond, Blanched, Ground",16,ipsum dolor sit amet consectetuer adipiscing elit proin interdum mauris non ligula pellentesque ultrices phasellus
576,"Yellow, Dry",24,ac diam cras pellentesque volutpat dui maecenas tristique est et tempus semper est quam pharetra magna ac consequat metus
577,18%,5,at nunc commodo placerat praesent blandit nam nulla integer pede justo lacinia
578,Water,27,natoque penatibus et magnis dis parturient montes nascetur ridiculus mus etiam vel augue
579,"Primerba, Paste",29,odio curabitur convallis duis consequat dui nec nisi volutpat eleifend
580,"White, Mix",8,erat tortor sollicitudin mi sit amet lobortis sapien sapien non mi integer ac neque duis bibendum morbi non quam
581,Backs - Boneless,13,feugiat non pretium quis lectus suspendisse potenti in eleifend quam a odio in hac habitasse platea dictumst
583,Top Sirloin,27,at vulputate vitae nisl aenean lectus pellentesque eget nunc donec
584,Pancake,8,dolor sit amet consectetuer adipiscing elit proin risus praesent lectus vestibulum quam sapien
585,Parmesan Cubes,20,vestibulum aliquet ultrices erat tortor sollicitudin mi sit amet lobortis sapien sapien non mi integer ac neque duis
586,Raisin Walnut Oval,9,nunc purus phasellus in felis donec semper sapien a libero nam dui
589,Ground,25,ut dolor morbi vel lectus in quam fringilla rhoncus mauris enim
590,"Lemon, 460 Ml",17,facilisi cras non velit nec nisi vulputate nonummy maecenas tincidunt lacus at velit vivamus vel nulla eget
591,"Breast, Smoked",20,cras mi pede malesuada in imperdiet et commodo vulputate justo in blandit ultrices enim lorem ipsum
592,10 Grain,8,at nulla suspendisse potenti cras in purus eu magna vulputate luctus cum sociis natoque penatibus et magnis dis parturient
593,Pumpkin,17,sagittis nam congue risus semper porta volutpat quam pede lobortis ligula
594,"Loin, Bone - In",9,sit amet sem fusce consequat nulla nisl nunc nisl duis bibendum felis sed interdum venenatis turpis enim blandit mi in
597,"Balsamic, White",11,egestas metus aenean fermentum donec ut mauris eget massa tempor convallis nulla neque libero
599,"Hazelnut, Ground, Natural",24,etiam vel augue vestibulum rutrum rutrum neque aenean auctor gravida sem praesent
601,Soy Low Sodium - 3.87l,15,adipiscing lorem vitae mattis nibh ligula nec sem duis aliquam convallis nunc proin at turpis a pede posuere nonummy integer
602,Pinot Noir Pond Haddock,14,nascetur ridiculus mus vivamus vestibulum sagittis sapien cum sociis natoque penatibus et magnis dis parturient montes
603,Hazelnut,14,vestibulum vestibulum ante ipsum primis in faucibus orci luctus et ultrices posuere
604,Englishbay Oatmeal,10,est donec odio justo sollicitudin ut suscipit a feugiat et eros vestibulum ac
606,"White, Cooking",17,ipsum primis in faucibus orci luctus et ultrices posuere cubilia curae donec pharetra magna vestibulum aliquet ultrices
608,Vidalia,8,ipsum dolor sit amet consectetuer adipiscing elit proin interdum mauris non ligula pellentesque ultrices phasellus id sapien
609,Taleggio D.o.p.,26,faucibus accumsan odio curabitur convallis duis consequat dui nec nisi volutpat eleifend donec
610,"Red, Pinot Noir, Chateau",8,mollis molestie lorem quisque ut erat curabitur gravida nisi at nibh in hac habitasse platea
611,Live,5,praesent blandit lacinia erat vestibulum sed magna at nunc commodo placerat praesent blandit nam nulla
612,Seed,14,maecenas pulvinar lobortis est phasellus sit amet erat nulla tempus vivamus in felis eu
613,Large,8,nam congue risus semper porta volutpat quam pede lobortis ligula sit amet
614,Scotchbrite Hand Pad,9,at turpis donec posuere metus vitae ipsum aliquam non mauris morbi non lectus aliquam
617,Brick With Pepper,17,gravida sem praesent id massa id nisl venenatis lacinia aenean sit amet
618,Assorted Sandwich,17,non sodales sed tincidunt eu felis fusce posuere felis sed lacus
619,"Gilbeys London, Dry",20,volutpat dui maecenas tristique est et tempus semper est quam pharetra magna ac consequat metus sapien ut nunc
620,Burritos,29,augue vestibulum ante ipsum primis in faucibus orci luctus et ultrices posuere cubilia curae donec pharetra magna vestibulum
621,"Smoked, Sliced",13,porta volutpat erat quisque erat eros viverra eget congue eget semper rutrum nulla nunc purus phasellus in felis donec
622,"Clam, 46 Oz",18,dolor quis odio consequat varius integer ac leo pellentesque ultrices mattis odio donec vitae nisi nam ultrices
623,Fresh,27,accumsan felis ut at dolor quis odio consequat varius integer ac leo pellentesque
624,Prune,20,felis sed interdum venenatis turpis enim blandit mi in porttitor pede justo
625,"Leg, Fresh",22,potenti cras in purus eu magna vulputate luctus cum sociis natoque
626,Lasagna Veg,27,rhoncus aliquet pulvinar sed nisl nunc rhoncus dui vel sem sed sagittis nam congue
627,Marinara,28,enim in tempor turpis nec euismod scelerisque quam turpis adipiscing lorem vitae mattis nibh ligula nec sem
628,Basmati,15,convallis nunc proin at turpis a pede posuere nonummy integer non velit
629,Irish Cream,9,penatibus et magnis dis parturient montes nascetur ridiculus mus vivamus vestibulum sagittis sapien
631,Escarole,15,mattis pulvinar nulla pede ullamcorper augue a suscipit nulla elit ac nulla sed vel
632,Wildberry,19,et ultrices posuere cubilia curae duis faucibus accumsan odio curabitur convallis duis consequat dui nec nisi
634,Jumbo,10,ipsum aliquam non mauris morbi non lectus aliquam sit amet diam in magna
636,Paprika,14,amet eros suspendisse accumsan tortor quis turpis sed ante vivamus tortor duis mattis egestas
637,Wheat Baguette,7,ut at dolor quis odio consequat varius integer ac leo pellentesque ultrices mattis odio donec vitae nisi nam ultrices libero
638,Stick,17,id consequat in consequat ut nulla sed accumsan felis ut at dolor quis odio
639,"Red, Lurton Merlot De",12,nunc viverra dapibus nulla suscipit ligula in lacus curabitur at ipsum ac tellus semper interdum mauris
640,Braggs,11,est donec odio justo sollicitudin ut suscipit a feugiat et eros vestibulum ac est lacinia
641,"Scallops, Cold Smoked",21,nisl aenean lectus pellentesque eget nunc donec quis orci eget orci vehicula condimentum curabitur
642,Blueberry Cranberry,9,vestibulum eget vulputate ut ultrices vel augue vestibulum ante ipsum primis in faucibus orci luctus et ultrices
643,Asian,11,interdum mauris non ligula pellentesque ultrices phasellus id sapien in sapien iaculis congue vivamus metus arcu
645,"Loin, Boneless",14,at dolor quis odio consequat varius integer ac leo pellentesque ultrices mattis
646,"Baby, Boiled",15,consequat metus sapien ut nunc vestibulum ante ipsum primis in faucibus orci luctus
648,Bosc,29,donec pharetra magna vestibulum aliquet ultrices erat tortor sollicitudin mi sit amet lobortis sapien sapien
649,Mini Red Organic,21,sed tincidunt eu felis fusce posuere felis sed lacus morbi sem mauris laoreet ut
650,Moosehead,24,tellus in sagittis dui vel nisl duis ac nibh fusce lacus purus aliquet at feugiat non pretium quis lectus
651,Seedlings Cookstown,11,eget congue eget semper rutrum nulla nunc purus phasellus in felis donec
652,Mcauslan Apricot,7,odio in hac habitasse platea dictumst maecenas ut massa quis augue luctus tincidunt
654,"Sperone, Fine, D.o.c.",19,vel ipsum praesent blandit lacinia erat vestibulum sed magna at nunc commodo placerat praesent blandit nam nulla integer pede justo
655,Compound Coating,27,convallis nunc proin at turpis a pede posuere nonummy integer non velit donec diam neque vestibulum eget vulputate ut
657,Sakura Fu,21,vel est donec odio justo sollicitudin ut suscipit a feugiat et eros vestibulum ac est
658,Monin - Granny Smith,17,quis justo maecenas rhoncus aliquam lacus morbi quis tortor id nulla ultrices
660,"Mas Chicet Rose, Vintage",24,ac est lacinia nisi venenatis tristique fusce congue diam id ornare imperdiet
662,Penfolds Koonuga Hill,13,ligula vehicula consequat morbi a ipsum integer a nibh in quis justo
665,Olive,23,suscipit ligula in lacus curabitur at ipsum ac tellus semper interdum mauris ullamcorper purus sit amet nulla quisque
666,"Paprika, Hungarian",29,aliquet maecenas leo odio condimentum id luctus nec molestie sed justo pellentesque viverra pede
667,"Chops, Split, Frenched",28,vestibulum ac est lacinia nisi venenatis tristique fusce congue diam id ornare imperdiet sapien urna pretium nisl ut
668,Chocolate,13,vestibulum ante ipsum primis in faucibus orci luctus et ultrices posuere cubilia curae donec pharetra
669,Raisin Muffin - Mini,13,morbi quis tortor id nulla ultrices aliquet maecenas leo odio condimentum id luctus nec molestie sed justo pellentesque viverra
670,Fresh,11,sit amet erat nulla tempus vivamus in felis eu sapien cursus vestibulum proin eu mi nulla ac enim in
673,Crystalized,8,ipsum primis in faucibus orci luctus et ultrices posuere cubilia curae nulla dapibus dolor vel est
674,"Knorr, French Onion",13,lectus pellentesque at nulla suspendisse potenti cras in purus eu
675,"White, Cinzano",20,sapien cursus vestibulum proin eu mi nulla ac enim in tempor turpis nec euismod scelerisque quam turpis
677,"Chestnuts, Whole",25,rhoncus sed vestibulum sit amet cursus id turpis integer aliquet massa id lobortis convallis
681,English Breakfast,7,vitae consectetuer eget rutrum at lorem integer tincidunt ante vel ipsum praesent blandit lacinia erat vestibulum sed magna at nunc
682,Fresh,5,vestibulum ac est lacinia nisi venenatis tristique fusce congue diam
684,Spanish,11,sed sagittis nam congue risus semper porta volutpat quam pede lobortis ligula sit amet eleifend pede libero
685,Sake,18,tellus semper interdum mauris ullamcorper purus sit amet nulla quisque arcu libero rutrum ac lobortis vel dapibus at
686,Black Tiger 16/20,12,rutrum nulla nunc purus phasellus in felis donec semper sapien a libero nam dui proin leo odio porttitor
687,"Tomato, 48 Oz",11,vulputate justo in blandit ultrices enim lorem ipsum dolor sit amet consectetuer adipiscing elit proin interdum mauris
689,"Fillet, Skin On",12,auctor gravida sem praesent id massa id nisl venenatis lacinia aenean sit amet justo morbi ut odio
691,Cranberry Cocktail,11,metus aenean fermentum donec ut mauris eget massa tempor convallis nulla neque libero
693,Campbells Chili Veg,11,consectetuer eget rutrum at lorem integer tincidunt ante vel ipsum praesent blandit lacinia erat vestibulum sed magna at nunc
694,Regular,22,pellentesque at nulla suspendisse potenti cras in purus eu magna vulputate luctus cum sociis
695,Green,24,potenti cras in purus eu magna vulputate luctus cum sociis natoque penatibus et magnis
697,Tomato Mush. Florentine,24,sapien sapien non mi integer ac neque duis bibendum morbi
698,Honey Green Tea,28,adipiscing elit proin risus praesent lectus vestibulum quam sapien varius
699,Stuffed,16,porta volutpat quam pede lobortis ligula sit amet eleifend pede libero quis
700,Tender Tips,21,nisi volutpat eleifend donec ut dolor morbi vel lectus in quam fringilla rhoncus mauris enim leo rhoncus sed
702,"Brie, Cups 125g",28,duis consequat dui nec nisi volutpat eleifend donec ut dolor morbi vel lectus in quam fringilla rhoncus mauris
703,Individual Portions,9,sapien cursus vestibulum proin eu mi nulla ac enim in tempor turpis nec euismod scelerisque quam turpis adipiscing lorem vitae
704,"Walnut, Chopped",13,luctus et ultrices posuere cubilia curae duis faucibus accumsan odio curabitur convallis duis consequat dui nec nisi volutpat
705,"Shitake, Fresh",15,blandit mi in porttitor pede justo eu massa donec dapibus duis at velit
706,"Canelloni, Single Serve",27,risus praesent lectus vestibulum quam sapien varius ut blandit non interdum in ante
707,"Black Bean, Dry",20,dui vel sem sed sagittis nam congue risus semper porta volutpat quam pede lobortis ligula sit amet eleifend pede libero
709,Smoked,24,pretium iaculis justo in hac habitasse platea dictumst etiam faucibus cursus urna ut
710,Dstk Strw Chseck,26,nulla neque libero convallis eget eleifend luctus ultricies eu nibh
711,Dried,12,elit proin interdum mauris non ligula pellentesque ultrices phasellus id
713,Multigrain,24,parturient montes nascetur ridiculus mus etiam vel augue vestibulum rutrum rutrum neque aenean auctor gravida
714,French Rack,29,consequat metus sapien ut nunc vestibulum ante ipsum primis in faucibus orci luctus
715,"Canelloni, Single Serve",29,phasellus in felis donec semper sapien a libero nam dui proin leo odio porttitor id consequat
716,"Vine Ripe, Red",8,eget tincidunt eget tempus vel pede morbi porttitor lorem id ligula suspendisse ornare consequat lectus in est
717,Boston Bib - Organic,17,a feugiat et eros vestibulum ac est lacinia nisi venenatis tristique fusce congue diam id ornare imperdiet
719,Choclate Baked,20,aliquam sit amet diam in magna bibendum imperdiet nullam orci pede venenatis
721,Zinfandel California 2002,6,nisi at nibh in hac habitasse platea dictumst aliquam augue quam sollicitudin vitae consectetuer eget
722,Fresh,14,rutrum nulla nunc purus phasellus in felis donec semper sapien a libero nam dui proin
723,Skim,10,sed tristique in tempus sit amet sem fusce consequat nulla nisl nunc nisl duis
724,"Baby, Boiled",20,id ligula suspendisse ornare consequat lectus in est risus auctor sed tristique in tempus sit amet sem fusce
726,Rum,12,porttitor lacus at turpis donec posuere metus vitae ipsum aliquam non mauris morbi non lectus aliquam sit amet diam in
727,Ricotta,21,donec vitae nisi nam ultrices libero non mattis pulvinar nulla pede ullamcorper augue
730,Merlot Vina Carmen,11,congue vivamus metus arcu adipiscing molestie hendrerit at vulputate vitae nisl aenean lectus pellentesque eget nunc donec
731,Stilton,21,in purus eu magna vulputate luctus cum sociis natoque penatibus et
735,Sauza Silver,23,lorem ipsum dolor sit amet consectetuer adipiscing elit proin risus praesent lectus vestibulum quam
736,Ocean Spray Cranberry,26,egestas metus aenean fermentum donec ut mauris eget massa tempor convallis nulla neque libero convallis eget eleifend luctus
738,Piper Heidsieck Brut,6,aliquet pulvinar sed nisl nunc rhoncus dui vel sem sed sagittis nam congue
739,"Pistoles, White",16,lacinia sapien quis libero nullam sit amet turpis elementum ligula vehicula consequat morbi a ipsum integer
740,"Mini Egg Roll, Shrimp",5,orci nullam molestie nibh in lectus pellentesque at nulla suspendisse potenti cras in purus eu magna vulputate
741,"Peach, Walkers",19,sodales scelerisque mauris sit amet eros suspendisse accumsan tortor quis turpis sed ante vivamus tortor duis mattis egestas metus
742,Clavet Saint Emilion,5,justo morbi ut odio cras mi pede malesuada in imperdiet et commodo vulputate justo in blandit ultrices
746,Campbells - Chicken Noodle,25,id turpis integer aliquet massa id lobortis convallis tortor risus dapibus augue vel accumsan tellus nisi eu orci mauris
748,U - 10 Thailand,14,in blandit ultrices enim lorem ipsum dolor sit amet consectetuer adipiscing elit proin
749,Pear,10,sed vestibulum sit amet cursus id turpis integer aliquet massa id lobortis convallis
750,"Knorr, Chicken Gumbo",11,vestibulum rutrum rutrum neque aenean auctor gravida sem praesent id massa id nisl venenatis lacinia aenean sit amet justo morbi
751,Dijon,25,justo morbi ut odio cras mi pede malesuada in imperdiet et commodo
752,Spring Mix,6,posuere cubilia curae mauris viverra diam vitae quam suspendisse potenti
754,Cabernet Sauvignon,9,phasellus in felis donec semper sapien a libero nam dui proin leo odio
756,Corn,11,duis bibendum morbi non quam nec dui luctus rutrum nulla tellus in sagittis dui vel
757,Muscadet Sur Lie,26,nulla pede ullamcorper augue a suscipit nulla elit ac nulla sed vel
758,Champagne,11,vulputate vitae nisl aenean lectus pellentesque eget nunc donec quis
759,Evian 355 Ml,21,ligula nec sem duis aliquam convallis nunc proin at turpis a pede
760,Oolong,22,consequat in consequat ut nulla sed accumsan felis ut at dolor quis odio consequat varius integer ac
761,"Mini Egg Roll, Shrimp",21,sem duis aliquam convallis nunc proin at turpis a pede posuere nonummy integer non velit
762,Light,20,aenean fermentum donec ut mauris eget massa tempor convallis nulla neque libero convallis eget eleifend luctus ultricies eu nibh
763,"Primerba, Paste",5,ut massa quis augue luctus tincidunt nulla mollis molestie lorem quisque ut erat curabitur gravida nisi
764,"Littleneck, Whole",26,morbi a ipsum integer a nibh in quis justo maecenas rhoncus aliquam lacus morbi quis tortor id
768,Cheddarsliced,11,volutpat sapien arcu sed augue aliquam erat volutpat in congue etiam justo etiam pretium iaculis justo
769,Slab Bacon,28,velit nec nisi vulputate nonummy maecenas tincidunt lacus at velit vivamus vel nulla eget
770,Kobe Striploin,29,placerat ante nulla justo aliquam quis turpis eget elit sodales scelerisque mauris sit amet eros suspendisse
771,Sunflower,29,sapien dignissim vestibulum vestibulum ante ipsum primis in faucibus orci luctus et ultrices posuere cubilia curae nulla dapibus
772,Canned,13,odio justo sollicitudin ut suscipit a feugiat et eros vestibulum ac est lacinia nisi venenatis tristique
773,Banana Nut,25,eget tincidunt eget tempus vel pede morbi porttitor lorem id ligula suspendisse
774,Ground,7,mauris enim leo rhoncus sed vestibulum sit amet cursus id turpis integer aliquet massa id lobortis convallis tortor risus
775,Pinot Noir Stoneleigh,20,nonummy maecenas tincidunt lacus at velit vivamus vel nulla eget eros elementum pellentesque quisque porta volutpat erat
777,Jalapeno,11,ut volutpat sapien arcu sed augue aliquam erat volutpat in congue etiam
781,Raisin,9,vitae nisl aenean lectus pellentesque eget nunc donec quis orci eget orci vehicula condimentum curabitur in libero ut massa
782,Raisin Bran,28,suspendisse potenti nullam porttitor lacus at turpis donec posuere metus vitae
785,Masi Valpolocell,21,praesent lectus vestibulum quam sapien varius ut blandit non interdum in ante vestibulum ante ipsum primis in faucibus
786,"Dry, Rubbed",9,diam cras pellentesque volutpat dui maecenas tristique est et tempus semper est quam
787,Ground Lean Fresh,18,vitae nisl aenean lectus pellentesque eget nunc donec quis orci eget orci vehicula condimentum curabitur in libero ut
788,600ml,16,curabitur at ipsum ac tellus semper interdum mauris ullamcorper purus sit amet nulla quisque arcu libero rutrum ac lobortis
789,Perron Cheddar,20,tortor duis mattis egestas metus aenean fermentum donec ut mauris eget massa
790,Barossa Valley Estate,13,sed tincidunt eu felis fusce posuere felis sed lacus morbi sem mauris laoreet ut
791,Fresh,22,nisi vulputate nonummy maecenas tincidunt lacus at velit vivamus vel nulla eget eros elementum pellentesque quisque
792,Roasted Red,16,at nunc commodo placerat praesent blandit nam nulla integer pede justo lacinia
793,Gorgonzola,11,nunc viverra dapibus nulla suscipit ligula in lacus curabitur at ipsum ac tellus semper interdum mauris
794,Upper Canada Light,10,in faucibus orci luctus et ultrices posuere cubilia curae duis faucibus accumsan odio curabitur convallis
795,"Soya, Light",28,a feugiat et eros vestibulum ac est lacinia nisi venenatis tristique
796,"Kindney, Whole",26,velit donec diam neque vestibulum eget vulputate ut ultrices vel augue vestibulum
797,Boston Bib - Organic,16,mauris ullamcorper purus sit amet nulla quisque arcu libero rutrum ac lobortis vel
798,Asian,12,eu interdum eu tincidunt in leo maecenas pulvinar lobortis est phasellus sit amet erat nulla tempus vivamus in felis
799,Primerba,23,in quis justo maecenas rhoncus aliquam lacus morbi quis tortor id nulla ultrices aliquet
800,"Shortening,liqud, Fry",9,turpis nec euismod scelerisque quam turpis adipiscing lorem vitae mattis nibh
801,Campbells Chicken,24,turpis eget elit sodales scelerisque mauris sit amet eros suspendisse accumsan tortor quis turpis sed ante vivamus tortor
802,Peller Estates Late,12,cras pellentesque volutpat dui maecenas tristique est et tempus semper est quam pharetra magna ac consequat metus sapien ut nunc
803,Valancey,15,eros elementum pellentesque quisque porta volutpat erat quisque erat eros
804,Rye,24,maecenas leo odio condimentum id luctus nec molestie sed justo pellentesque viverra pede ac diam cras pellentesque volutpat dui maecenas
805,Bread,25,in ante vestibulum ante ipsum primis in faucibus orci luctus et ultrices posuere
808,Caesar Dressing,7,magna at nunc commodo placerat praesent blandit nam nulla integer pede justo lacinia
809,Remy Pannier Rose,18,mattis nibh ligula nec sem duis aliquam convallis nunc proin at turpis a pede
811,Chianti Classica Docg,15,rhoncus aliquam lacus morbi quis tortor id nulla ultrices aliquet maecenas leo odio condimentum id luctus nec molestie
812,Cream Of Broccoli,17,justo eu massa donec dapibus duis at velit eu est
814,Romaine,16,magna bibendum imperdiet nullam orci pede venenatis non sodales sed tincidunt eu
815,Portebello,22,nunc commodo placerat praesent blandit nam nulla integer pede justo lacinia eget tincidunt eget
816,"Boursin, Garlic / Herbs",12,in quis justo maecenas rhoncus aliquam lacus morbi quis tortor id nulla ultrices aliquet maecenas
820,"Chop, Frenched",7,nulla elit ac nulla sed vel enim sit amet nunc viverra dapibus nulla suscipit ligula in lacus curabitur at
821,Ranch Dressing,24,luctus nec molestie sed justo pellentesque viverra pede ac diam cras pellentesque volutpat dui maecenas
822,Red,24,enim in tempor turpis nec euismod scelerisque quam turpis adipiscing lorem vitae mattis nibh ligula nec sem duis aliquam
823,"Atlantic, Fresh, Whole",25,primis in faucibus orci luctus et ultrices posuere cubilia curae
824,Goodhearth,12,neque aenean auctor gravida sem praesent id massa id nisl venenatis lacinia aenean sit amet justo morbi
825,Carrot Muffin - Mini,23,orci eget orci vehicula condimentum curabitur in libero ut massa volutpat convallis morbi odio odio elementum eu
826,Manischewitz Concord,6,eget vulputate ut ultrices vel augue vestibulum ante ipsum primis in faucibus orci luctus et ultrices posuere cubilia curae
827,White Fish,12,et eros vestibulum ac est lacinia nisi venenatis tristique fusce congue diam id ornare imperdiet sapien
829,"Magnotta, White",21,augue quam sollicitudin vitae consectetuer eget rutrum at lorem integer
831,"Pecan, Halves",27,diam erat fermentum justo nec condimentum neque sapien placerat ante nulla justo
832,Onion Powder Granulated,28,dolor morbi vel lectus in quam fringilla rhoncus mauris enim leo rhoncus sed vestibulum sit amet
833,Rolo Cone,18,tincidunt nulla mollis molestie lorem quisque ut erat curabitur gravida nisi at nibh in
836,"Semi Sweet, Calets",24,fusce lacus purus aliquet at feugiat non pretium quis lectus suspendisse potenti in eleifend quam a odio in
837,Pumpernickel,12,orci pede venenatis non sodales sed tincidunt eu felis fusce posuere felis sed lacus morbi sem mauris
838,"Balsamic, White",11,sit amet lobortis sapien sapien non mi integer ac neque duis bibendum morbi
840,Pickled,9,quis turpis sed ante vivamus tortor duis mattis egestas metus aenean fermentum donec ut
841,Fresh,13,sapien dignissim vestibulum vestibulum ante ipsum primis in faucibus orci luctus et ultrices posuere cubilia curae nulla dapibus dolor vel
842,Savoy,29,mattis egestas metus aenean fermentum donec ut mauris eget massa tempor
843,"Baby, Boiled",7,vel ipsum praesent blandit lacinia erat vestibulum sed magna at nunc
844,Fresh,12,curae duis faucibus accumsan odio curabitur convallis duis consequat dui nec nisi
845,Gewurztraminer Pierre,24,amet cursus id turpis integer aliquet massa id lobortis convallis tortor risus dapibus augue
847,Gherkins,19,pretium iaculis diam erat fermentum justo nec condimentum neque sapien placerat ante nulla justo aliquam quis turpis eget
848,Grape,14,est quam pharetra magna ac consequat metus sapien ut nunc
849,Agnolotti - Butternut,12,lobortis ligula sit amet eleifend pede libero quis orci nullam molestie nibh in lectus pellentesque at nulla suspendisse
850,"Chillies, Crushed",10,ultrices mattis odio donec vitae nisi nam ultrices libero non mattis pulvinar nulla pede ullamcorper augue
851,Shoulder,12,sapien cursus vestibulum proin eu mi nulla ac enim in tempor turpis nec euismod scelerisque quam turpis adipiscing
852,Mint,27,venenatis lacinia aenean sit amet justo morbi ut odio cras mi pede malesuada in imperdiet et commodo vulputate
853,Barossa Valley Estate,16,sit amet consectetuer adipiscing elit proin interdum mauris non ligula pellentesque ultrices phasellus id sapien in sapien iaculis congue vivamus
854,8288,29,nascetur ridiculus mus vivamus vestibulum sagittis sapien cum sociis natoque penatibus et magnis dis parturient montes nascetur ridiculus
855,Mango Chevre,19,placerat praesent blandit nam nulla integer pede justo lacinia eget tincidunt eget tempus vel pede morbi porttitor lorem
856,"Cotton, 24 Oz",20,turpis enim blandit mi in porttitor pede justo eu massa donec dapibus duis
858,Ched Chs Presliced,12,imperdiet et commodo vulputate justo in blandit ultrices enim lorem ipsum dolor sit amet consectetuer adipiscing elit proin interdum mauris
859,English Breakfast,10,aliquam lacus morbi quis tortor id nulla ultrices aliquet maecenas leo odio condimentum id luctus
860,Soft,19,in faucibus orci luctus et ultrices posuere cubilia curae mauris viverra
862,"Leg, Boneless",10,mus etiam vel augue vestibulum rutrum rutrum neque aenean auctor gravida sem praesent id massa id
863,12 Year Old,14,enim leo rhoncus sed vestibulum sit amet cursus id turpis integer
864,Montery Jack,12,sed justo pellentesque viverra pede ac diam cras pellentesque volutpat dui maecenas tristique est
866,"Atlantic, Fresh, Whole",6,massa id lobortis convallis tortor risus dapibus augue vel accumsan tellus nisi eu orci mauris lacinia sapien quis libero nullam
867,225g,8,sit amet sem fusce consequat nulla nisl nunc nisl duis bibendum
868,"Chicken, White",24,lectus suspendisse potenti in eleifend quam a odio in hac habitasse platea dictumst maecenas ut massa
871,Carrot Orange,18,leo odio condimentum id luctus nec molestie sed justo pellentesque
872,Plastic,25,orci mauris lacinia sapien quis libero nullam sit amet turpis elementum ligula
874,Montery Jack,26,fringilla rhoncus mauris enim leo rhoncus sed vestibulum sit amet
876,Raspberry,25,ipsum ac tellus semper interdum mauris ullamcorper purus sit amet nulla quisque arcu libero rutrum ac
877,Mcauslan Apricot,27,vivamus metus arcu adipiscing molestie hendrerit at vulputate vitae nisl
878,Lid For Half Size,26,neque duis bibendum morbi non quam nec dui luctus rutrum nulla tellus
879,"Gaylan, Chinese",23,pede lobortis ligula sit amet eleifend pede libero quis orci nullam molestie nibh in lectus pellentesque
880,"Lemon, Fresh",5,elit ac nulla sed vel enim sit amet nunc viverra dapibus nulla suscipit ligula in lacus
882,Individual Portions,26,varius integer ac leo pellentesque ultrices mattis odio donec vitae nisi nam ultrices libero
883,Romaine,12,condimentum id luctus nec molestie sed justo pellentesque viverra pede ac diam cras pellentesque volutpat dui
884,Cranberry Cocktail,24,nunc proin at turpis a pede posuere nonummy integer non velit donec diam neque vestibulum eget vulputate ut
885,Bones,21,volutpat in congue etiam justo etiam pretium iaculis justo in hac habitasse platea dictumst etiam faucibus cursus urna ut tellus
886,Blackberry,23,augue vel accumsan tellus nisi eu orci mauris lacinia sapien quis libero nullam sit amet turpis elementum ligula vehicula
887,Grapefruit Green Tea,22,donec quis orci eget orci vehicula condimentum curabitur in libero ut massa
888,Corn Muffaletta,17,mi nulla ac enim in tempor turpis nec euismod scelerisque quam turpis adipiscing lorem vitae mattis nibh ligula nec
889,Sour Sticks With Onion,15,vestibulum sit amet cursus id turpis integer aliquet massa id lobortis convallis tortor risus dapibus augue vel accumsan tellus nisi
890,Cheddarsliced,11,velit donec diam neque vestibulum eget vulputate ut ultrices vel augue vestibulum ante ipsum
891,Melba Toast,12,interdum eu tincidunt in leo maecenas pulvinar lobortis est phasellus sit amet erat nulla tempus vivamus in felis eu sapien
892,Banana Daiquiri,7,vulputate justo in blandit ultrices enim lorem ipsum dolor sit amet
893,Mill St Organic,11,sem mauris laoreet ut rhoncus aliquet pulvinar sed nisl nunc rhoncus dui vel sem sed sagittis nam congue risus
894,Dark Callets,28,imperdiet sapien urna pretium nisl ut volutpat sapien arcu sed augue aliquam erat volutpat in
895,Extra Large,28,vestibulum rutrum rutrum neque aenean auctor gravida sem praesent id massa id nisl venenatis lacinia
896,Legs,10,convallis eget eleifend luctus ultricies eu nibh quisque id justo sit amet
897,Vodka Blush,19,ridiculus mus etiam vel augue vestibulum rutrum rutrum neque aenean auctor
899,"Dover, Whole, Fresh",5,sagittis nam congue risus semper porta volutpat quam pede lobortis
900,100 / 200 Cold Water,27,faucibus orci luctus et ultrices posuere cubilia curae donec pharetra magna vestibulum aliquet ultrices erat tortor sollicitudin mi
901,Sesame Thai Dressing,24,quis odio consequat varius integer ac leo pellentesque ultrices mattis odio donec vitae
902,Lime,7,lorem id ligula suspendisse ornare consequat lectus in est risus auctor sed tristique in
903,Blue Nun Qualitatswein,5,cubilia curae mauris viverra diam vitae quam suspendisse potenti nullam porttitor lacus at turpis donec posuere metus
905,Liver,18,justo in hac habitasse platea dictumst etiam faucibus cursus urna ut tellus nulla ut
906,Kimel Stick Poly,27,turpis donec posuere metus vitae ipsum aliquam non mauris morbi non lectus aliquam sit amet diam in magna bibendum imperdiet
907,"Dark, Bacardi, Black",26,phasellus id sapien in sapien iaculis congue vivamus metus arcu adipiscing molestie
908,Pine Sol Floor Cleaner,8,vivamus vel nulla eget eros elementum pellentesque quisque porta volutpat erat quisque erat
909,Tenderloin Tails,11,lacinia eget tincidunt eget tempus vel pede morbi porttitor lorem
910,Canned,8,ac est lacinia nisi venenatis tristique fusce congue diam id ornare imperdiet sapien urna pretium nisl ut volutpat sapien
911,Mix - Bran And Maple 15l,11,in hac habitasse platea dictumst etiam faucibus cursus urna ut tellus nulla ut erat id mauris vulputate elementum nullam varius
912,Cream Of Broccoli,5,dui proin leo odio porttitor id consequat in consequat ut nulla sed
913,8288,20,nam congue risus semper porta volutpat quam pede lobortis ligula sit amet eleifend pede libero quis orci nullam molestie nibh
915,"Chicken, White",9,bibendum morbi non quam nec dui luctus rutrum nulla tellus in sagittis dui
916,Fontina,21,proin eu mi nulla ac enim in tempor turpis nec euismod scelerisque quam
917,Smarties,8,sit amet consectetuer adipiscing elit proin interdum mauris non ligula pellentesque ultrices phasellus
918,Ciabatta Buns,16,ultrices posuere cubilia curae duis faucibus accumsan odio curabitur convallis duis consequat dui nec nisi volutpat eleifend donec ut
919,Top Butt Aaa,23,rutrum at lorem integer tincidunt ante vel ipsum praesent blandit lacinia erat vestibulum sed magna at
920,Sheep Milk,14,ac nulla sed vel enim sit amet nunc viverra dapibus nulla suscipit ligula in lacus curabitur at ipsum ac
921,Fresh,26,morbi non quam nec dui luctus rutrum nulla tellus in sagittis dui vel
922,"Romaine, Heart",29,eget congue eget semper rutrum nulla nunc purus phasellus in felis donec semper
924,Focaccia Quarter,10,nulla tempus vivamus in felis eu sapien cursus vestibulum proin
925,Fermipan,6,nulla justo aliquam quis turpis eget elit sodales scelerisque mauris sit amet eros suspendisse accumsan tortor quis turpis sed ante
926,Riesling Alsace Ac 2001,12,nulla facilisi cras non velit nec nisi vulputate nonummy maecenas tincidunt lacus at velit
928,Manischewitz Concord,5,varius integer ac leo pellentesque ultrices mattis odio donec vitae nisi nam ultrices libero non mattis pulvinar
929,Chianti Classica Docg,25,montes nascetur ridiculus mus vivamus vestibulum sagittis sapien cum sociis natoque penatibus et magnis dis parturient montes nascetur ridiculus
930,Pine Sol Floor Cleaner,21,vel augue vestibulum rutrum rutrum neque aenean auctor gravida sem praesent id massa id nisl
932,Loin,5,consequat morbi a ipsum integer a nibh in quis justo
933,Prickly,10,orci luctus et ultrices posuere cubilia curae nulla dapibus dolor vel est donec
935,Graham,7,tempor convallis nulla neque libero convallis eget eleifend luctus ultricies
937,Bresaola,12,orci pede venenatis non sodales sed tincidunt eu felis fusce posuere felis sed lacus morbi
938,Barolo Fontanafredda,23,vivamus in felis eu sapien cursus vestibulum proin eu mi nulla ac enim in tempor turpis nec
939,Fillets,8,dictumst aliquam augue quam sollicitudin vitae consectetuer eget rutrum at lorem integer tincidunt ante vel ipsum praesent blandit
942,"Peach, 175 Gr",7,pede morbi porttitor lorem id ligula suspendisse ornare consequat lectus
943,Hagen Daz,10,purus phasellus in felis donec semper sapien a libero nam dui proin leo odio porttitor id consequat
944,Cafe Moreno,11,vulputate elementum nullam varius nulla facilisi cras non velit nec nisi vulputate nonummy maecenas tincidunt lacus at velit vivamus
945,Tomato Bisque,23,mus vivamus vestibulum sagittis sapien cum sociis natoque penatibus et magnis dis parturient montes nascetur ridiculus mus etiam vel augue
946,Brick With Onion,22,vel est donec odio justo sollicitudin ut suscipit a feugiat et eros vestibulum ac est
947,Dark,20,sapien cursus vestibulum proin eu mi nulla ac enim in tempor turpis
948,Canned Premium,9,ante ipsum primis in faucibus orci luctus et ultrices posuere cubilia curae nulla dapibus dolor vel est donec odio justo
949,"Detalini, White, Fresh",8,molestie sed justo pellentesque viverra pede ac diam cras pellentesque volutpat dui maecenas tristique est et tempus semper est quam
950,Rioja Campo Viejo,17,vulputate ut ultrices vel augue vestibulum ante ipsum primis in faucibus orci luctus et ultrices posuere cubilia curae
954,Black Tiger 6 - 8,5,sit amet diam in magna bibendum imperdiet nullam orci pede venenatis
955,"Orange, Mc Guiness",25,pede venenatis non sodales sed tincidunt eu felis fusce posuere
956,"Creamed, Pure",12,quam nec dui luctus rutrum nulla tellus in sagittis dui vel nisl duis ac nibh fusce
957,Campbells Mac N Cheese,13,et eros vestibulum ac est lacinia nisi venenatis tristique fusce congue diam
958,"Leg, Bone In",29,eu orci mauris lacinia sapien quis libero nullam sit amet turpis elementum
963,Pearl,6,eros elementum pellentesque quisque porta volutpat erat quisque erat eros viverra eget congue eget semper rutrum nulla nunc purus
964,White Epi Baguette,28,pede malesuada in imperdiet et commodo vulputate justo in blandit ultrices enim lorem ipsum
965,"Buckwheat, Organic",20,neque libero convallis eget eleifend luctus ultricies eu nibh quisque id justo sit amet sapien
966,Braggs,24,aliquam sit amet diam in magna bibendum imperdiet nullam orci pede venenatis non sodales sed tincidunt eu felis fusce
967,Crystalized,22,at nulla suspendisse potenti cras in purus eu magna vulputate luctus cum sociis natoque
968,Riesling Dr. Pauly,21,leo rhoncus sed vestibulum sit amet cursus id turpis integer aliquet massa id lobortis convallis tortor risus dapibus
969,Berry Energy,14,praesent lectus vestibulum quam sapien varius ut blandit non interdum in ante vestibulum ante ipsum primis
971,Green Leaf,23,arcu sed augue aliquam erat volutpat in congue etiam justo etiam pretium iaculis justo in hac habitasse
972,"Sperone, Fine, D.o.c.",15,donec semper sapien a libero nam dui proin leo odio porttitor id consequat in
974,Honey Green Tea,19,malesuada in imperdiet et commodo vulputate justo in blandit ultrices
975,"Bacon, Sliced",8,aliquam augue quam sollicitudin vitae consectetuer eget rutrum at lorem integer tincidunt ante vel ipsum praesent blandit lacinia erat
976,Cubes,11,curabitur at ipsum ac tellus semper interdum mauris ullamcorper purus sit amet nulla quisque arcu libero
977,Chocolate Marble Tea,8,proin eu mi nulla ac enim in tempor turpis nec euismod scelerisque quam turpis adipiscing lorem vitae mattis nibh
978,Potmums,15,nec dui luctus rutrum nulla tellus in sagittis dui vel nisl duis ac nibh
979,Dry,14,quis orci nullam molestie nibh in lectus pellentesque at nulla suspendisse potenti
980,Wieners,21,at nulla suspendisse potenti cras in purus eu magna vulputate luctus cum sociis natoque penatibus et magnis dis
981,Vue Containers,17,etiam vel augue vestibulum rutrum rutrum neque aenean auctor gravida sem praesent id
982,Peppercorn Melange,9,sagittis nam congue risus semper porta volutpat quam pede lobortis ligula sit amet eleifend
983,"Clam Chowder, Dry Mix",23,vestibulum ac est lacinia nisi venenatis tristique fusce congue diam id ornare imperdiet sapien urna pretium nisl ut volutpat sapien
984,Roasted Red Pepper,9,ipsum primis in faucibus orci luctus et ultrices posuere cubilia curae mauris viverra
985,"Orange, 355ml",21,in lacus curabitur at ipsum ac tellus semper interdum mauris ullamcorper purus sit amet nulla quisque arcu libero rutrum
987,Brussel,26,platea dictumst etiam faucibus cursus urna ut tellus nulla ut erat
989,Liver,8,tempus vivamus in felis eu sapien cursus vestibulum proin eu mi nulla ac enim in tempor turpis
990,French Baquette,20,sem fusce consequat nulla nisl nunc nisl duis bibendum felis sed interdum venenatis turpis enim blandit mi in porttitor pede
993,"White, Riesling, Henry Of",20,in magna bibendum imperdiet nullam orci pede venenatis non sodales sed tincidunt eu
994,Andouille,6,etiam pretium iaculis justo in hac habitasse platea dictumst etiam faucibus cursus urna ut tellus nulla ut erat
995,Regular Kraft 20 Lb,14,neque vestibulum eget vulputate ut ultrices vel augue vestibulum ante
996,Gouda,19,elementum nullam varius nulla facilisi cras non velit nec nisi vulputate nonummy maecenas tincidunt lacus at
997,Foil,25,erat fermentum justo nec condimentum neque sapien placerat ante nulla
998,Sauvignon Blanc,26,quis justo maecenas rhoncus aliquam lacus morbi quis tortor id nulla
999,Clamshell,20,volutpat quam pede lobortis ligula sit amet eleifend pede libero quis orci nullam
1000,Fat,7,neque libero convallis eget eleifend luctus ultricies eu nibh quisque id justo sit amet sapien dignissim vestibulum
